session_id,start_ms,end_ms,exercise,label_provenance
sim-sess-0001-01,0,6000,REST,SYNTHETIC_SIMULATION
sim-sess-0001-02,0,6000,WALK,SYNTHETIC_SIMULATION
sim-sess-0001-03,0,6000,SQUAT,SYNTHETIC_SIMULATION
sim-sess-0001-04,0,6000,SIT_TO_STAND,SYNTHETIC_SIMULATION
sim-sess-0001-05,0,6000,BALANCE,SYNTHETIC_SIMULATION
sim-sess-0002-01,0,6000,REST,SYNTHETIC_SIMULATION
sim-sess-0002-02,0,6000,WALK,SYNTHETIC_SIMULATION
sim-sess-0002-03,0,6000,SQUAT,SYNTHETIC_SIMULATION
sim-sess-0002-04,0,6000,SIT_TO_STAND,SYNTHETIC_SIMULATION
sim-sess-0002-05,0,6000,BALANCE,SYNTHETIC_SIMULATION
sim-sess-0003-01,0,6000,REST,SYNTHETIC_SIMULATION
sim-sess-0003-02,0,6000,WALK,SYNTHETIC_SIMULATION
sim-sess-0003-03,0,6000,SQUAT,SYNTHETIC_SIMULATION
sim-sess-0003-04,0,6000,SIT_TO_STAND,SYNTHETIC_SIMULATION
sim-sess-0003-05,0,6000,BALANCE,SYNTHETIC_SIMULATION
sim-sess-0004-01,0,6000,REST,SYNTHETIC_SIMULATION
sim-sess-0004-02,0,6000,WALK,SYNTHETIC_SIMULATION
sim-sess-0004-03,0,6000,SQUAT,SYNTHETIC_SIMULATION
sim-sess-0004-04,0,6000,SIT_TO_STAND,SYNTHETIC_SIMULATION
sim-sess-0004-05,0,6000,BALANCE,SYNTHETIC_SIMULATION
sim-sess-0005-01,0,6000,REST,SYNTHETIC_SIMULATION
sim-sess-0005-02,0,6000,WALK,SYNTHETIC_SIMULATION
sim-sess-0005-03,0,6000,SQUAT,SYNTHETIC_SIMULATION
sim-sess-0005-04,0,6000,SIT_TO_STAND,SYNTHETIC_SIMULATION
sim-sess-0005-05,0,6000,BALANCE,SYNTHETIC_SIMULATION
sim-sess-0006-01,0,6000,REST,SYNTHETIC_SIMULATION
sim-sess-0006-02,0,6000,WALK,SYNTHETIC_SIMULATION
sim-sess-0006-03,0,6000,SQUAT,SYNTHETIC_SIMULATION
sim-sess-0006-04,0,6000,SIT_TO_STAND,SYNTHETIC_SIMULATION
sim-sess-0006-05,0,6000,BALANCE,SYNTHETIC_SIMULATION
sim-sess-0007-01,0,6000,REST,SYNTHETIC_SIMULATION
sim-sess-0007-02,0,6000,WALK,SYNTHETIC_SIMULATION
sim-sess-0007-03,0,6000,SQUAT,SYNTHETIC_SIMULATION
sim-sess-0007-04,0,6000,SIT_TO_STAND,SYNTHETIC_SIMULATION
sim-sess-0007-05,0,6000,BALANCE,SYNTHETIC_SIMULATION
sim-sess-0008-01,0,6000,REST,SYNTHETIC_SIMULATION
sim-sess-0008-02,0,6000,WALK,SYNTHETIC_SIMULATION
sim-sess-0008-03,0,6000,SQUAT,SYNTHETIC_SIMULATION
sim-sess-0008-04,0,6000,SIT_TO_STAND,SYNTHETIC_SIMULATION
sim-sess-0008-05,0,6000,BALANCE,SYNTHETIC_SIMULATION
sim-sess-0009-01,0,6000,REST,SYNTHETIC_SIMULATION
sim-sess-0009-02,0,6000,WALK,SYNTHETIC_SIMULATION
sim-sess-0009-03,0,6000,SQUAT,SYNTHETIC_SIMULATION
sim-sess-0009-04,0,6000,SIT_TO_STAND,SYNTHETIC_SIMULATION
sim-sess-0009-05,0,6000,BALANCE,SYNTHETIC_SIMULATION
sim-sess-0010-01,0,6000,REST,SYNTHETIC_SIMULATION
sim-sess-0010-02,0,6000,WALK,SYNTHETIC_SIMULATION
sim-sess-0010-03,0,6000,SQUAT,SYNTHETIC_SIMULATION
sim-sess-0010-04,0,6000,SIT_TO_STAND,SYNTHETIC_SIMULATION
sim-sess-0010-05,0,6000,BALANCE,SYNTHETIC_SIMULATION
sim-sess-0011-01,0,6000,REST,SYNTHETIC_SIMULATION
sim-sess-0011-02,0,6000,WALK,SYNTHETIC_SIMULATION
sim-sess-0011-03,0,6000,SQUAT,SYNTHETIC_SIMULATION
sim-sess-0011-04,0,6000,SIT_TO_STAND,SYNTHETIC_SIMULATION
sim-sess-0011-05,0,6000,BALANCE,SYNTHETIC_SIMULATION
sim-sess-0012-01,0,6000,REST,SYNTHETIC_SIMULATION
sim-sess-0012-02,0,6000,WALK,SYNTHETIC_SIMULATION
sim-sess-0012-03,0,6000,SQUAT,SYNTHETIC_SIMULATION
sim-sess-0012-04,0,6000,SIT_TO_STAND,SYNTHETIC_SIMULATION
sim-sess-0012-05,0,6000,BALANCE,SYNTHETIC_SIMULATION
