athlete_id,session_id,exercise,sensor_placement,device_id,sampling_rate_hz,source
sim-athlete-0001,sim-sess-0001-01,REST,THIGH,SIMULATED-IMU-NOT-HARDWARE,10,SIMULATION
sim-athlete-0001,sim-sess-0001-02,WALK,THIGH,SIMULATED-IMU-NOT-HARDWARE,10,SIMULATION
sim-athlete-0001,sim-sess-0001-03,SQUAT,THIGH,SIMULATED-IMU-NOT-HARDWARE,10,SIMULATION
sim-athlete-0001,sim-sess-0001-04,SIT_TO_STAND,THIGH,SIMULATED-IMU-NOT-HARDWARE,10,SIMULATION
sim-athlete-0001,sim-sess-0001-05,BALANCE,THIGH,SIMULATED-IMU-NOT-HARDWARE,10,SIMULATION
sim-athlete-0002,sim-sess-0002-01,REST,THIGH,SIMULATED-IMU-NOT-HARDWARE,10,SIMULATION
sim-athlete-0002,sim-sess-0002-02,WALK,THIGH,SIMULATED-IMU-NOT-HARDWARE,10,SIMULATION
sim-athlete-0002,sim-sess-0002-03,SQUAT,THIGH,SIMULATED-IMU-NOT-HARDWARE,10,SIMULATION
sim-athlete-0002,sim-sess-0002-04,SIT_TO_STAND,THIGH,SIMULATED-IMU-NOT-HARDWARE,10,SIMULATION
sim-athlete-0002,sim-sess-0002-05,BALANCE,THIGH,SIMULATED-IMU-NOT-HARDWARE,10,SIMULATION
sim-athlete-0003,sim-sess-0003-01,REST,THIGH,SIMULATED-IMU-NOT-HARDWARE,10,SIMULATION
sim-athlete-0003,sim-sess-0003-02,WALK,THIGH,SIMULATED-IMU-NOT-HARDWARE,10,SIMULATION
sim-athlete-0003,sim-sess-0003-03,SQUAT,THIGH,SIMULATED-IMU-NOT-HARDWARE,10,SIMULATION
sim-athlete-0003,sim-sess-0003-04,SIT_TO_STAND,THIGH,SIMULATED-IMU-NOT-HARDWARE,10,SIMULATION
sim-athlete-0003,sim-sess-0003-05,BALANCE,THIGH,SIMULATED-IMU-NOT-HARDWARE,10,SIMULATION
sim-athlete-0004,sim-sess-0004-01,REST,THIGH,SIMULATED-IMU-NOT-HARDWARE,10,SIMULATION
sim-athlete-0004,sim-sess-0004-02,WALK,THIGH,SIMULATED-IMU-NOT-HARDWARE,10,SIMULATION
sim-athlete-0004,sim-sess-0004-03,SQUAT,THIGH,SIMULATED-IMU-NOT-HARDWARE,10,SIMULATION
sim-athlete-0004,sim-sess-0004-04,SIT_TO_STAND,THIGH,SIMULATED-IMU-NOT-HARDWARE,10,SIMULATION
sim-athlete-0004,sim-sess-0004-05,BALANCE,THIGH,SIMULATED-IMU-NOT-HARDWARE,10,SIMULATION
sim-athlete-0005,sim-sess-0005-01,REST,THIGH,SIMULATED-IMU-NOT-HARDWARE,10,SIMULATION
sim-athlete-0005,sim-sess-0005-02,WALK,THIGH,SIMULATED-IMU-NOT-HARDWARE,10,SIMULATION
sim-athlete-0005,sim-sess-0005-03,SQUAT,THIGH,SIMULATED-IMU-NOT-HARDWARE,10,SIMULATION
sim-athlete-0005,sim-sess-0005-04,SIT_TO_STAND,THIGH,SIMULATED-IMU-NOT-HARDWARE,10,SIMULATION
sim-athlete-0005,sim-sess-0005-05,BALANCE,THIGH,SIMULATED-IMU-NOT-HARDWARE,10,SIMULATION
sim-athlete-0006,sim-sess-0006-01,REST,THIGH,SIMULATED-IMU-NOT-HARDWARE,10,SIMULATION
sim-athlete-0006,sim-sess-0006-02,WALK,THIGH,SIMULATED-IMU-NOT-HARDWARE,10,SIMULATION
sim-athlete-0006,sim-sess-0006-03,SQUAT,THIGH,SIMULATED-IMU-NOT-HARDWARE,10,SIMULATION
sim-athlete-0006,sim-sess-0006-04,SIT_TO_STAND,THIGH,SIMULATED-IMU-NOT-HARDWARE,10,SIMULATION
sim-athlete-0006,sim-sess-0006-05,BALANCE,THIGH,SIMULATED-IMU-NOT-HARDWARE,10,SIMULATION
sim-athlete-0007,sim-sess-0007-01,REST,THIGH,SIMULATED-IMU-NOT-HARDWARE,10,SIMULATION
sim-athlete-0007,sim-sess-0007-02,WALK,THIGH,SIMULATED-IMU-NOT-HARDWARE,10,SIMULATION
sim-athlete-0007,sim-sess-0007-03,SQUAT,THIGH,SIMULATED-IMU-NOT-HARDWARE,10,SIMULATION
sim-athlete-0007,sim-sess-0007-04,SIT_TO_STAND,THIGH,SIMULATED-IMU-NOT-HARDWARE,10,SIMULATION
sim-athlete-0007,sim-sess-0007-05,BALANCE,THIGH,SIMULATED-IMU-NOT-HARDWARE,10,SIMULATION
sim-athlete-0008,sim-sess-0008-01,REST,THIGH,SIMULATED-IMU-NOT-HARDWARE,10,SIMULATION
sim-athlete-0008,sim-sess-0008-02,WALK,THIGH,SIMULATED-IMU-NOT-HARDWARE,10,SIMULATION
sim-athlete-0008,sim-sess-0008-03,SQUAT,THIGH,SIMULATED-IMU-NOT-HARDWARE,10,SIMULATION
sim-athlete-0008,sim-sess-0008-04,SIT_TO_STAND,THIGH,SIMULATED-IMU-NOT-HARDWARE,10,SIMULATION
sim-athlete-0008,sim-sess-0008-05,BALANCE,THIGH,SIMULATED-IMU-NOT-HARDWARE,10,SIMULATION
sim-athlete-0009,sim-sess-0009-01,REST,THIGH,SIMULATED-IMU-NOT-HARDWARE,10,SIMULATION
sim-athlete-0009,sim-sess-0009-02,WALK,THIGH,SIMULATED-IMU-NOT-HARDWARE,10,SIMULATION
sim-athlete-0009,sim-sess-0009-03,SQUAT,THIGH,SIMULATED-IMU-NOT-HARDWARE,10,SIMULATION
sim-athlete-0009,sim-sess-0009-04,SIT_TO_STAND,THIGH,SIMULATED-IMU-NOT-HARDWARE,10,SIMULATION
sim-athlete-0009,sim-sess-0009-05,BALANCE,THIGH,SIMULATED-IMU-NOT-HARDWARE,10,SIMULATION
sim-athlete-0010,sim-sess-0010-01,REST,THIGH,SIMULATED-IMU-NOT-HARDWARE,10,SIMULATION
sim-athlete-0010,sim-sess-0010-02,WALK,THIGH,SIMULATED-IMU-NOT-HARDWARE,10,SIMULATION
sim-athlete-0010,sim-sess-0010-03,SQUAT,THIGH,SIMULATED-IMU-NOT-HARDWARE,10,SIMULATION
sim-athlete-0010,sim-sess-0010-04,SIT_TO_STAND,THIGH,SIMULATED-IMU-NOT-HARDWARE,10,SIMULATION
sim-athlete-0010,sim-sess-0010-05,BALANCE,THIGH,SIMULATED-IMU-NOT-HARDWARE,10,SIMULATION
sim-athlete-0011,sim-sess-0011-01,REST,THIGH,SIMULATED-IMU-NOT-HARDWARE,10,SIMULATION
sim-athlete-0011,sim-sess-0011-02,WALK,THIGH,SIMULATED-IMU-NOT-HARDWARE,10,SIMULATION
sim-athlete-0011,sim-sess-0011-03,SQUAT,THIGH,SIMULATED-IMU-NOT-HARDWARE,10,SIMULATION
sim-athlete-0011,sim-sess-0011-04,SIT_TO_STAND,THIGH,SIMULATED-IMU-NOT-HARDWARE,10,SIMULATION
sim-athlete-0011,sim-sess-0011-05,BALANCE,THIGH,SIMULATED-IMU-NOT-HARDWARE,10,SIMULATION
sim-athlete-0012,sim-sess-0012-01,REST,THIGH,SIMULATED-IMU-NOT-HARDWARE,10,SIMULATION
sim-athlete-0012,sim-sess-0012-02,WALK,THIGH,SIMULATED-IMU-NOT-HARDWARE,10,SIMULATION
sim-athlete-0012,sim-sess-0012-03,SQUAT,THIGH,SIMULATED-IMU-NOT-HARDWARE,10,SIMULATION
sim-athlete-0012,sim-sess-0012-04,SIT_TO_STAND,THIGH,SIMULATED-IMU-NOT-HARDWARE,10,SIMULATION
sim-athlete-0012,sim-sess-0012-05,BALANCE,THIGH,SIMULATED-IMU-NOT-HARDWARE,10,SIMULATION
